{
    "rmse": 0.672328911481281,
    "mae": 0.5311015463114362,
    "r2": 0.2737879282849186
}