{
    "rmse": 0.7031296944144642,
    "mae": 0.5466602924069257,
    "r2": 0.22123929365709616
}